id,category
Active Life,Active Life
Amateur Sports Teams,Active Life.Amateur Sports Teams
Amusement Parks,Active Life.Amusement Parks
Aquariums,Active Life.Aquariums
Archery,Active Life.Archery
Badminton,Active Life.Badminton
Basketball Courts,Active Life.Basketball Courts
Beaches,Active Life.Beaches
Bike Rentals,Active Life.Bike Rentals
Boating,Active Life.Boating
Bowling,Active Life.Bowling
Climbing,Active Life.Climbing
Disc Golf,Active Life.Disc Golf
Diving,Active Life.Diving
Free Diving,Active Life.Diving.Free Diving
Scuba Diving,Active Life.Diving.Scuba Diving
Fishing,Active Life.Fishing
Fitness & Instruction,Active Life.Fitness & Instruction
Barre Classes,Active Life.Fitness & Instruction.Barre Classes
Boot Camps,Active Life.Fitness & Instruction.Boot Camps
Boxing,Active Life.Fitness & Instruction.Boxing
Dance Studios,Active Life.Fitness & Instruction.Dance Studios
Gyms,Active Life.Fitness & Instruction.Gyms
Martial Arts,Active Life.Fitness & Instruction.Martial Arts
Pilates,Active Life.Fitness & Instruction.Pilates
Swimming Lessons/Schools,Active Life.Fitness & Instruction.Swimming Lessons/Schools
Tai Chi,Active Life.Fitness & Instruction.Tai Chi
Trainers,Active Life.Fitness & Instruction.Trainers
Yoga,Active Life.Fitness & Instruction.Yoga
Go Karts,Active Life.Go Karts
Golf,Active Life.Golf
Gun/Rifle Ranges,Active Life.Gun/Rifle Ranges
Gymnastics,Active Life.Gymnastics
Hang Gliding,Active Life.Hang Gliding
Hiking,Active Life.Hiking
Horse Racing,Active Life.Horse Racing
Horseback Riding,Active Life.Horseback Riding
Hot Air Balloons,Active Life.Hot Air Balloons
Kiteboarding,Active Life.Kiteboarding
Lakes,Active Life.Lakes
Laser Tag,Active Life.Laser Tag
Leisure Centers,Active Life.Leisure Centers
Mini Golf,Active Life.Mini Golf
Mountain Biking,Active Life.Mountain Biking
Paddleboarding,Active Life.Paddleboarding
Paintball,Active Life.Paintball
Parks,Active Life.Parks
Dog Parks,Active Life.Parks.Dog Parks
Skate Parks,Active Life.Parks.Skate Parks
Playgrounds,Active Life.Playgrounds
Rafting/Kayaking,Active Life.Rafting/Kayaking
Recreation Centers,Active Life.Recreation Centers
Rock Climbing,Active Life.Rock Climbing
Skating Rinks,Active Life.Skating Rinks
Skydiving,Active Life.Skydiving
Soccer,Active Life.Soccer
Spin Classes,Active Life.Spin Classes
Sports Clubs,Active Life.Sports Clubs
Squash,Active Life.Squash
Summer Camps,Active Life.Summer Camps
Surfing,Active Life.Surfing
Swimming Pools,Active Life.Swimming Pools
Tennis,Active Life.Tennis
Trampoline Parks,Active Life.Trampoline Parks
Tubing,Active Life.Tubing
Zoos,Active Life.Zoos
Arts & Entertainment,Arts & Entertainment
Arcades,Arts & Entertainment.Arcades
Art Galleries,Arts & Entertainment.Art Galleries
Botanical Gardens,Arts & Entertainment.Botanical Gardens
Casinos,Arts & Entertainment.Casinos
Cinema,Arts & Entertainment.Cinema
Cultural Center,Arts & Entertainment.Cultural Center
Festivals,Arts & Entertainment.Festivals
Jazz & Blues,Arts & Entertainment.Jazz & Blues
Museums,Arts & Entertainment.Museums
Music Venues,Arts & Entertainment.Music Venues
Opera & Ballet,Arts & Entertainment.Opera & Ballet
Performing Arts,Arts & Entertainment.Performing Arts
Professional Sports Teams,Arts & Entertainment.Professional Sports Teams
Psychics & Astrologers,Arts & Entertainment.Psychics & Astrologers
Race Tracks,Arts & Entertainment.Race Tracks
Social Clubs,Arts & Entertainment.Social Clubs
Stadiums & Arenas,Arts & Entertainment.Stadiums & Arenas
Ticket Sales,Arts & Entertainment.Ticket Sales
Wineries,Arts & Entertainment.Wineries
Automotive,Automotive
Auto Detailing,Automotive.Auto Detailing
Auto Glass Services,Automotive.Auto Glass Services
Auto Loan Providers,Automotive.Auto Loan Providers
Auto Parts & Supplies,Automotive.Auto Parts & Supplies
Auto Repair,Automotive.Auto Repair
Boat Dealers,Automotive.Boat Dealers
Body Shops,Automotive.Body Shops
Car Dealers,Automotive.Car Dealers
Car Stereo Installation,Automotive.Car Stereo Installation
Car Wash,Automotive.Car Wash
Gas & Service Stations,Automotive.Gas & Service Stations
Motorcycle Dealers,Automotive.Motorcycle Dealers
Motorcycle Repair,Automotive.Motorcycle Repair
Oil Change Stations,Automotive.Oil Change Stations
Parking,Automotive.Parking
RV Dealers,Automotive.RV Dealers
Smog Check Stations,Automotive.Smog Check Stations
Tires,Automotive.Tires
Towing,Automotive.Towing
Truck Rental,Automotive.Truck Rental
Windshield Installation & Repair,Automotive.Windshield Installation & Repair
Beauty & Spas,Beauty & Spas
Barbers,Beauty & Spas.Barbers
Cosmetics & Beauty Supply,Beauty & Spas.Cosmetics & Beauty Supply
Day Spas,Beauty & Spas.Day Spas
Eyelash Service,Beauty & Spas.Eyelash Service
Hair Extensions,Beauty & Spas.Hair Extensions
Hair Removal,Beauty & Spas.Hair Removal
Laser Hair Removal,Beauty & Spas.Hair Removal.Laser Hair Removal
Hair Salons,Beauty & Spas.Hair Salons
Blow Dry/Out Services,Beauty & Spas.Hair Salons.Blow Dry/Out Services
Hair Extensions,Beauty & Spas.Hair Salons.Hair Extensions
Hair Stylists,Beauty & Spas.Hair Salons.Hair Stylists
Men's Hair Salons,Beauty & Spas.Hair Salons.Men's Hair Salons
Makeup Artists,Beauty & Spas.Makeup Artists
Massage,Beauty & Spas.Massage
Medical Spas,Beauty & Spas.Medical Spas
Nail Salons,Beauty & Spas.Nail Salons
Permanent Makeup,Beauty & Spas.Permanent Makeup
Piercing,Beauty & Spas.Piercing
Rolfing,Beauty & Spas.Rolfing
Skin care,Beauty & Spas.Skin care
Tanning,Beauty & Spas.Tanning
Spray Tanning,Beauty & Spas.Tanning.Spray Tanning
Tanning Beds,Beauty & Spas.Tanning.Tanning Beds
Tattoo,Beauty & Spas.Tattoo
Education,Education
Adult Education,Education.Adult Education
College Counseling,Education.College Counseling
Colleges & Universities,Education.Colleges & Universities
Educational Services,Education.Educational Services
Elementary Schools,Education.Elementary Schools
Middle Schools & High Schools,Education.Middle Schools & High Schools
Preschools,Education.Preschools
Private Tutors,Education.Private Tutors
Religious Schools,Education.Religious Schools
Special Education,Education.Special Education
Specialty Schools,Education.Specialty Schools
Art Schools,Education.Specialty Schools.Art Schools
CPR Classes,Education.Specialty Schools.CPR Classes
Cooking Schools,Education.Specialty Schools.Cooking Schools
Cosmetology Schools,Education.Specialty Schools.Cosmetology Schools
Dance Schools,Education.Specialty Schools.Dance Schools
Driving Schools,Education.Specialty Schools.Driving Schools
First Aid Classes,Education.Specialty Schools.First Aid Classes
Flight Instruction,Education.Specialty Schools.Flight Instruction
Language Schools,Education.Specialty Schools.Language Schools
Massage Schools,Education.Specialty Schools.Massage Schools
Swimming Lessons/Schools,Education.Specialty Schools.Swimming Lessons/Schools
Vocational & Technical School,Education.Specialty Schools.Vocational & Technical School
Test Preparation,Education.Test Preparation
Tutoring Centers,Education.Tutoring Centers
Event Planning & Services,Event Planning & Services
Bartenders,Event Planning & Services.Bartenders
Boat Charters,Event Planning & Services.Boat Charters
Cards & Stationery,Event Planning & Services.Cards & Stationery
Caterers,Event Planning & Services.Caterers
Clowns,Event Planning & Services.Clowns
DJs,Event Planning & Services.DJs
Hotels,Event Planning & Services.Hotels
Magicians,Event Planning & Services.Magicians
Musicians,Event Planning & Services.Musicians
Officiants,Event Planning & Services.Officiants
Part & Event Planning,Event Planning & Services.Part & Event Planning
Party Bus Rentals,Event Planning & Services.Party Bus Rentals
Party Equipment Rentals,Event Planning & Services.Party Equipment Rentals
Party Supplies,Event Planning & Services.Party Supplies
Personal Chefs,Event Planning & Services.Personal Chefs
Photographers,Event Planning & Services.Photographers
Event Photography,Event Planning & Services.Photographers.Event Photography
Session Photography,Event Planning & Services.Photographers.Session Photography
Venues & Event Spaces,Event Planning & Services.Venues & Event Spaces
Videographers,Event Planning & Services.Videographers
Wedding Planning,Event Planning & Services.Wedding Planning
Financial Services,Financial Services
Banks & Credit Unions,Financial Services.Banks & Credit Unions
Check Cashing/Pay-day Loans,Financial Services.Check Cashing/Pay-day Loans
Financial Advising,Financial Services.Financial Advising
Insurance,Financial Services.Insurance
Investing,Financial Services.Investing
Tax Services,Financial Services.Tax Services
Food,Food
Bagels,Food.Bagels
Bakeries,Food.Bakeries
"Beer, Wine & Spirits","Food.Beer, Wine & Spirits"
Breweries,Food.Breweries
Bubble Tea,Food.Bubble Tea
Butcher,Food.Butcher
CSA,Food.CSA
Coffee & Tea,Food.Coffee & Tea
Convenience Stores,Food.Convenience Stores
Desserts,Food.Desserts
Do-It-Yourself Food,Food.Do-It-Yourself Food
Donuts,Food.Donuts
Farmers Market,Food.Farmers Market
Food Delivery Services,Food.Food Delivery Services
Food Trucks,Food.Food Trucks
Gelato,Food.Gelato
Grocery,Food.Grocery
Ice Cream & Frozen Yogust,Food.Ice Cream & Frozen Yogust
Internet Cafes,Food.Internet Cafes
Juice Bars & Smoothies,Food.Juice Bars & Smoothies
Pretzels,Food.Pretzels
Shaved Ice,Food.Shaved Ice
Specialty Food,Food.Specialty Food
Candy Stores,Food.Specialty Food.Candy Stores
Cheese Shops,Food.Specialty Food.Cheese Shops
Chocolatiers & Shops,Food.Specialty Food.Chocolatiers & Shops
Ethnic Food,Food.Specialty Food.Ethnic Food
Fruits & Veggies,Food.Specialty Food.Fruits & Veggies
Health Markets,Food.Specialty Food.Health Markets
Herbs & Spices,Food.Specialty Food.Herbs & Spices
Meat Shops,Food.Specialty Food.Meat Shops
Seafood Markets,Food.Specialty Food.Seafood Markets
Street Vendors,Food.Street Vendors
Tea Rooms,Food.Tea Rooms
Wineries,Food.Wineries
Health & Medical,Health & Medical
Acupuncture,Health & Medical.Acupuncture
Cannabis Clinics,Health & Medical.Cannabis Clinics
Chiropractors,Health & Medical.Chiropractors
Counseling & Mental Health,Health & Medical.Counseling & Mental Health
Dentists,Health & Medical.Dentists
Cosmetic Dentists,Health & Medical.Dentists.Cosmetic Dentists
Endodontists,Health & Medical.Dentists.Endodontists
General Dentistry,Health & Medical.Dentists.General Dentistry
Oral Surgeons,Health & Medical.Dentists.Oral Surgeons
Orthodontists,Health & Medical.Dentists.Orthodontists
Pediatric Dentists,Health & Medical.Dentists.Pediatric Dentists
Periodontists,Health & Medical.Dentists.Periodontists
Diagnostic Services,Health & Medical.Diagnostic Services
Diagnostic Imaging,Health & Medical.Diagnostic Services.Diagnostic Imaging
Laboratory Testing,Health & Medical.Diagnostic Services.Laboratory Testing
Doctors,Health & Medical.Doctors
Allergists,Health & Medical.Doctors.Allergists
Anesthesiologists,Health & Medical.Doctors.Anesthesiologists
Audiologist,Health & Medical.Doctors.Audiologist
Cardiologists,Health & Medical.Doctors.Cardiologists
Cosmetic Surgeons,Health & Medical.Doctors.Cosmetic Surgeons
Dermatologists,Health & Medical.Doctors.Dermatologists
Ear Nose & Throat,Health & Medical.Doctors.Ear Nose & Throat
Family Practice,Health & Medical.Doctors.Family Practice
Fertility,Health & Medical.Doctors.Fertility
Gastroenterologist,Health & Medical.Doctors.Gastroenterologist
Gerontologists,Health & Medical.Doctors.Gerontologists
Internal Medicine,Health & Medical.Doctors.Internal Medicine
Naturopathic/Holistic,Health & Medical.Doctors.Naturopathic/Holistic
Neurologist,Health & Medical.Doctors.Neurologist
Obstretricians & Gynecologists,Health & Medical.Doctors.Obstretricians & Gynecologists
Oncologist,Health & Medical.Doctors.Oncologist
Ophthalmologists,Health & Medical.Doctors.Ophthalmologists
Orthopedists,Health & Medical.Doctors.Orthopedists
Osteopathic Physicians,Health & Medical.Doctors.Osteopathic Physicians
Pediatricians,Health & Medical.Doctors.Pediatricians
Podiatrists,Health & Medical.Doctors.Podiatrists
Proctologists,Health & Medical.Doctors.Proctologists
Psychiatrists,Health & Medical.Doctors.Psychiatrists
Pulmonologists,Health & Medical.Doctors.Pulmonologists
Sports Medicine,Health & Medical.Doctors.Sports Medicine
Tattoo Removal,Health & Medical.Doctors.Tattoo Removal
Urologists,Health & Medical.Doctors.Urologists
Hearing Aid Providers,Health & Medical.Hearing Aid Providers
Home Health Care,Health & Medical.Home Health Care
Hospice,Health & Medical.Hospice
Hospitals,Health & Medical.Hospitals
Lactation Services,Health & Medical.Lactation Services
Laser Eye Surgery/Lasik,Health & Medical.Laser Eye Surgery/Lasik
Massage Therapy,Health & Medical.Massage Therapy
Medical Centers,Health & Medical.Medical Centers
Medical Spas,Health & Medical.Medical Spas
Medical Transportation,Health & Medical.Medical Transportation
Midwives,Health & Medical.Midwives
Nutritionists,Health & Medical.Nutritionists
Occupational Therapy,Health & Medical.Occupational Therapy
Optometrists,Health & Medical.Optometrists
Physical Therapy,Health & Medical.Physical Therapy
Reflexology,Health & Medical.Reflexology
Rehabilitation Center,Health & Medical.Rehabilitation Center
Retirement Homes,Health & Medical.Retirement Homes
Speech Therapists,Health & Medical.Speech Therapists
Traditional Chinese Medicine,Health & Medical.Traditional Chinese Medicine
Urgent Care,Health & Medical.Urgent Care
Weight Loss Centers,Health & Medical.Weight Loss Centers
Home Services,Home Services
Building Supplies,Home Services.Building Supplies
Carpet Installation,Home Services.Carpet Installation
Carpeting,Home Services.Carpeting
Contractors,Home Services.Contractors
Damage Restoration,Home Services.Damage Restoration
Electricians,Home Services.Electricians
Flooring,Home Services.Flooring
Garage Door Services,Home Services.Garage Door Services
Gardeners,Home Services.Gardeners
Handyman,Home Services.Handyman
Heating & Air Conditioning/HVAC,Home Services.Heating & Air Conditioning/HVAC
Home Cleaning,Home Services.Home Cleaning
Home Inspectors,Home Services.Home Inspectors
Home Organization,Home Services.Home Organization
Home Theatre Installation,Home Services.Home Theatre Installation
Home Window Tinting,Home Services.Home Window Tinting
Interior Design,Home Services.Interior Design
Internet Service Providers,Home Services.Internet Service Providers
Irrigation,Home Services.Irrigation
Keys & Locksmith,Home Services.Keys & Locksmith
Landscape Architects,Home Services.Landscape Architects
Landscaping,Home Services.Landscaping
Lighting Fixtures & Equipment,Home Services.Lighting Fixtures & Equipment
Masonry/Concrete,Home Services.Masonry/Concrete
Movers,Home Services.Movers
Painters,Home Services.Painters
Plumbing,Home Services.Plumbing
Pool Cleaners,Home Services.Pool Cleaners
Real Estate,Home Services.Real Estate
Apartments,Home Services.Real Estate.Apartments
Commercial Real Estate,Home Services.Real Estate.Commercial Real Estate
Home Staging,Home Services.Real Estate.Home Staging
Mortgage Brokers,Home Services.Real Estate.Mortgage Brokers
Property Management,Home Services.Real Estate.Property Management
Real Estate Agents,Home Services.Real Estate.Real Estate Agents
Real Estate Services,Home Services.Real Estate.Real Estate Services
Shared Office Spaces,Home Services.Real Estate.Shared Office Spaces
University Housing,Home Services.Real Estate.University Housing
Roofing,Home Services.Roofing
Security Systems,Home Services.Security Systems
Shades & Blinds,Home Services.Shades & Blinds
Solar Installation,Home Services.Solar Installation
Television Service Providers,Home Services.Television Service Providers
Tree Services,Home Services.Tree Services
Utilities,Home Services.Utilities
Window Washing,Home Services.Window Washing
Windows Installation,Home Services.Windows Installation
Hotels & Travel,Hotels & Travel
Airports,Hotels & Travel.Airports
Bed & Breakfast,Hotels & Travel.Bed & Breakfast
Campgrounds,Hotels & Travel.Campgrounds
Car Rental,Hotels & Travel.Car Rental
Guest Houses,Hotels & Travel.Guest Houses
Hostels,Hotels & Travel.Hostels
Hotels,Hotels & Travel.Hotels
Motorcycle Rental,Hotels & Travel.Motorcycle Rental
RV Parks,Hotels & Travel.RV Parks
RV Rental,Hotels & Travel.RV Rental
Resorts,Hotels & Travel.Resorts
Ski Resorts,Hotels & Travel.Ski Resorts
Tours,Hotels & Travel.Tours
Train Stations,Hotels & Travel.Train Stations
Transportation,Hotels & Travel.Transportation
Airlines,Hotels & Travel.Transportation.Airlines
Airport Shuttles,Hotels & Travel.Transportation.Airport Shuttles
Limos,Hotels & Travel.Transportation.Limos
Public Transportation,Hotels & Travel.Transportation.Public Transportation
Taxis,Hotels & Travel.Transportation.Taxis
Travel Services,Hotels & Travel.Travel Services
Vacation Rental Agents,Hotels & Travel.Vacation Rental Agents
Vacation Rentals,Hotels & Travel.Vacation Rentals
Local Flavor,Local Flavor
Yelp Events,Local Flavor.Yelp Events
Local Services,Local Services
Appliances & Repair,Local Services.Appliances & Repair
Bail Bondsmen,Local Services.Bail Bondsmen
Bike Repair/Maintenance,Local Services.Bike Repair/Maintenance
Carpet Cleaning,Local Services.Carpet Cleaning
Child Care & Day Care,Local Services.Child Care & Day Care
Community Service/Non-Profit,Local Services.Community Service/Non-Profit
Couriers & Delivery Services,Local Services.Couriers & Delivery Services
Dry Cleaning & Laundry,Local Services.Dry Cleaning & Laundry
Electronics Repair,Local Services.Electronics Repair
Funeral Services & Cemeteries,Local Services.Funeral Services & Cemeteries
Furniture Reupholstery,Local Services.Furniture Reupholstery
IT Services & Computer Repair,Local Services.IT Services & Computer Repair
Data Recovery,Local Services.IT Services & Computer Repair.Data Recovery
Mobile Phone Repair,Local Services.IT Services & Computer Repair.Mobile Phone Repair
Jewelry Repair,Local Services.Jewelry Repair
Junk Removal & Hauling,Local Services.Junk Removal & Hauling
Nanny Services,Local Services.Nanny Services
Notaries,Local Services.Notaries
Pest Control,Local Services.Pest Control
Printing Services,Local Services.Printing Services
Recording & Rehearsal Studios,Local Services.Recording & Rehearsal Studios
Recycling Center,Local Services.Recycling Center
Screen Printing,Local Services.Screen Printing
Screen Printing/T-Shirt Printing,Local Services.Screen Printing/T-Shirt Printing
Self Storage,Local Services.Self Storage
Sewing & Alterations,Local Services.Sewing & Alterations
Shipping Centers,Local Services.Shipping Centers
Shoe Repair,Local Services.Shoe Repair
Snow Removal,Local Services.Snow Removal
Watch Repair,Local Services.Watch Repair
Mass Media,Mass Media
Print Media,Mass Media.Print Media
Radio Stations,Mass Media.Radio Stations
Television Stations,Mass Media.Television Stations
Nightlife,Nightlife
Adult Entertainment,Nightlife.Adult Entertainment
Bars,Nightlife.Bars
Champagne Bars,Nightlife.Bars.Champagne Bars
Cocktail Bars,Nightlife.Bars.Cocktail Bars
Dive Bars,Nightlife.Bars.Dive Bars
Gay Bars,Nightlife.Bars.Gay Bars
Hookah Bars,Nightlife.Bars.Hookah Bars
Lounges,Nightlife.Bars.Lounges
Pubs,Nightlife.Bars.Pubs
Sports Bars,Nightlife.Bars.Sports Bars
Wine Bars,Nightlife.Bars.Wine Bars
Comedy Clubs,Nightlife.Comedy Clubs
Country Dance Halls,Nightlife.Country Dance Halls
Dance Clubs,Nightlife.Dance Clubs
Jazz & Blues,Nightlife.Jazz & Blues
Karaoke,Nightlife.Karaoke
Music Venues,Nightlife.Music Venues
Piano Bars,Nightlife.Piano Bars
Pool Halls,Nightlife.Pool Halls
Pets,Pets
Animal Shelters,Pets.Animal Shelters
Horse Boarding,Pets.Horse Boarding
Pet Services,Pets.Pet Services
Dog Walkers,Pets.Pet Services.Dog Walkers
Pet Boarding/Pet Sitting,Pets.Pet Services.Pet Boarding/Pet Sitting
Pet Groomers,Pets.Pet Services.Pet Groomers
Pet Training,Pets.Pet Services.Pet Training
Pet Stores,Pets.Pet Stores
Veterinarians,Pets.Veterinarians
Professional Services,Professional Services
Accountants,Professional Services.Accountants
Advertising,Professional Services.Advertising
Architects,Professional Services.Architects
Boat Repair,Professional Services.Boat Repair
Career Counseling,Professional Services.Career Counseling
Editorial Services,Professional Services.Editorial Services
Employment Agencies,Professional Services.Employment Agencies
Graphic Design,Professional Services.Graphic Design
Internet Service Providers,Professional Services.Internet Service Providers
Lawyers,Professional Services.Lawyers
Bankruptcy Law,Professional Services.Lawyers.Bankruptcy Law
Business Law,Professional Services.Lawyers.Business Law
Criminal Defense Law,Professional Services.Lawyers.Criminal Defense Law
DUI Law,Professional Services.Lawyers.DUI Law
Divorce & Family Law,Professional Services.Lawyers.Divorce & Family Law
Employment Law,Professional Services.Lawyers.Employment Law
Estate Planning Law,Professional Services.Lawyers.Estate Planning Law
General Litigation,Professional Services.Lawyers.General Litigation
Immigration Law,Professional Services.Lawyers.Immigration Law
Personal Injury Law,Professional Services.Lawyers.Personal Injury Law
Real Estate Law,Professional Services.Lawyers.Real Estate Law
Legal Services,Professional Services.Legal Services
Life Coach,Professional Services.Life Coach
Marketing,Professional Services.Marketing
Matchmakers,Professional Services.Matchmakers
Office Cleaning,Professional Services.Office Cleaning
Payroll Services,Professional Services.Payroll Services
Personal Assistants,Professional Services.Personal Assistants
Private Investigation,Professional Services.Private Investigation
Public Relations,Professional Services.Public Relations
Talent Agencies,Professional Services.Talent Agencies
Taxidermy,Professional Services.Taxidermy
Translation Services,Professional Services.Translation Services
Video/Film Production,Professional Services.Video/Film Production
Web Design,Professional Services.Web Design
Public Services & Government,Public Services & Government
Courthouses,Public Services & Government.Courthouses
Departments of Motor Vehicles,Public Services & Government.Departments of Motor Vehicles
Embassy,Public Services & Government.Embassy
Fire Departments,Public Services & Government.Fire Departments
Landmarks & Historical Buildings,Public Services & Government.Landmarks & Historical Buildings
Libraries,Public Services & Government.Libraries
Police Departments,Public Services & Government.Police Departments
Post Offices,Public Services & Government.Post Offices
Real Estate,Real Estate
Apartments,Real Estate.Apartments
Commercial Real Estate,Real Estate.Commercial Real Estate
Home Staging,Real Estate.Home Staging
Mortgage Brokers,Real Estate.Mortgage Brokers
Property Management,Real Estate.Property Management
Real Estate Agents,Real Estate.Real Estate Agents
Real Estate Services,Real Estate.Real Estate Services
Shared Office Spaces,Real Estate.Shared Office Spaces
University Housing,Real Estate.University Housing
Religious Organizations,Religious Organizations
Buddhist Temples,Religious Organizations.Buddhist Temples
Churches,Religious Organizations.Churches
Hindu Temples,Religious Organizations.Hindu Temples
Mosques,Religious Organizations.Mosques
Synagogues,Religious Organizations.Synagogues
Restaurants,Restaurants
Afghan,Restaurants.Afghan
African,Restaurants.African
Senegalese,Restaurants.African.Senegalese
South African,Restaurants.African.South African
American (New),Restaurants.American (New)
American (Traditional),Restaurants.American (Traditional)
Arabian,Restaurants.Arabian
Argentine,Restaurants.Argentine
Armenian,Restaurants.Armenian
Asian Fusion,Restaurants.Asian Fusion
Australian,Restaurants.Australian
Austrian,Restaurants.Austrian
Bangladeshi,Restaurants.Bangladeshi
Barbeque,Restaurants.Barbeque
Basque,Restaurants.Basque
Belgian,Restaurants.Belgian
Brasseries,Restaurants.Brasseries
Brazilian,Restaurants.Brazilian
Breakfast & Brunch,Restaurants.Breakfast & Brunch
British,Restaurants.British
Buffets,Restaurants.Buffets
Burgers,Restaurants.Burgers
Burmese,Restaurants.Burmese
Cafes,Restaurants.Cafes
Cafeteria,Restaurants.Cafeteria
Cajun/Creole,Restaurants.Cajun/Creole
Cambodian,Restaurants.Cambodian
Caribbean,Restaurants.Caribbean
Dominican,Restaurants.Caribbean.Dominican
Haitian,Restaurants.Caribbean.Haitian
Puerto Rican,Restaurants.Caribbean.Puerto Rican
Trinidadian,Restaurants.Caribbean.Trinidadian
Catalan,Restaurants.Catalan
Cheesesteaks,Restaurants.Cheesesteaks
Chicken Wings,Restaurants.Chicken Wings
Chinese,Restaurants.Chinese
Cantonese,Restaurants.Chinese.Cantonese
Dim Sum,Restaurants.Chinese.Dim Sum
Shanghainese,Restaurants.Chinese.Shanghainese
Szechuan,Restaurants.Chinese.Szechuan
Comfort Food,Restaurants.Comfort Food
Creperies,Restaurants.Creperies
Cuban,Restaurants.Cuban
Czech,Restaurants.Czech
Delis,Restaurants.Delis
Diners,Restaurants.Diners
Ethiopian,Restaurants.Ethiopian
Fast Food,Restaurants.Fast Food
Filipino,Restaurants.Filipino
Fish & Chips,Restaurants.Fish & Chips
Fondue,Restaurants.Fondue
Food Court,Restaurants.Food Court
Food Stands,Restaurants.Food Stands
French,Restaurants.French
Gastropubs,Restaurants.Gastropubs
German,Restaurants.German
Gluten-Free,Restaurants.Gluten-Free
Greek,Restaurants.Greek
Halal,Restaurants.Halal
Hawaiian,Restaurants.Hawaiian
Himalayan/Nepalese,Restaurants.Himalayan/Nepalese
Hot Dogs,Restaurants.Hot Dogs
Hot Pot,Restaurants.Hot Pot
Hungarian,Restaurants.Hungarian
Iberian,Restaurants.Iberian
Indian,Restaurants.Indian
Indonesian,Restaurants.Indonesian
Irish,Restaurants.Irish
Italian,Restaurants.Italian
Japanese,Restaurants.Japanese
Korean,Restaurants.Korean
Kosher,Restaurants.Kosher
Laotian,Restaurants.Laotian
Latin American,Restaurants.Latin American
Columbian,Restaurants.Latin American.Columbian
Salvadoran,Restaurants.Latin American.Salvadoran
Venezuelan,Restaurants.Latin American.Venezuelan
Live/Raw Food,Restaurants.Live/Raw Food
Malaysian,Restaurants.Malaysian
Meditteranean,Restaurants.Meditteranean
Mexican,Restaurants.Mexican
Middle Eastern,Restaurants.Middle Eastern
Egyptian,Restaurants.Middle Eastern.Egyptian
Lebanese,Restaurants.Middle Eastern.Lebanese
Modern European,Restaurants.Modern European
Mongolian,Restaurants.Mongolian
Pakistani,Restaurants.Pakistani
Persian/Iranian,Restaurants.Persian/Iranian
Peruvian,Restaurants.Peruvian
Pizza,Restaurants.Pizza
Polish,Restaurants.Polish
Portuguese,Restaurants.Portuguese
Russian,Restaurants.Russian
Salad,Restaurants.Salad
Sandwiches,Restaurants.Sandwitches
Scandinavian,Restaurants.Scandinavian
Scottish,Restaurants.Scottish
Seafood,Restaurants.Seafood
Singaporean,Restaurants.Singaporean
Slovakian,Restaurants.Slovakian
Soul Food,Restaurants.Soul Food
Soup,Restaurants.Soup
Southern,Restaurants.Southern
Spanish,Restaurants.Spanish
Steakhouses,Restaurants.Steakhouses
Sushi Bars,Restaurants.Sushi Bars
Taiwanese,Restaurants.Taiwanese
Tapas Bars,Restaurants.Tapas Bars
Tapas/Small Plates,Restaurants.Tapas/Small Plates
Tex-Mex,Restaurants.Tex-Mex
Thai,Restaurants.Thai
Turkish,Restaurants.Turkish
Ukranian,Restaurants.Ukranian
Vegan,Restaurants.Vegan
Vegetarian,Restaurants.Vegetarian
Vietnamese,Restaurants.Vietnamese
Shopping,Shopping
Adult,Shopping.Adult
Antiques,Shopping.Antiques
Art Galleries,Shopping.Art Galleries
Arts & Crafts,Shopping.Arts & Crafts
Art Supplies,Shopping.Arts & Crafts.Art Supplies
Cards & Stationery,Shopping.Arts & Crafts.Cards & Stationery
Costumes,Shopping.Arts & Crafts.Costumes
Fabric Stores,Shopping.Arts & Crafts.Fabric Stores
Framing,Shopping.Arts & Crafts.Framing
Auction Houses,Shopping.Auction Houses
Baby Gear & Furniture,Shopping.Baby Gear & Furniture
Bespoke Clothing,Shopping.Bespoke Clothing
"Books, Mags, Music & Video","Shopping.Books, Mags, Music & Video"
Bookstores,"Shopping.Books, Mags, Music & Video.Bookstores"
Comic Books,"Shopping.Books, Mags, Music & Video.Comic Books"
Music & DVDs,"Shopping.Books, Mags, Music & Video.Music & DVDs"
Newspapers & Magazines,"Shopping.Books, Mags, Music & Video.Newspapers & Magazines"
Videos & Video Game Rental,"Shopping.Books, Mags, Music & Video.Videos & Video Game Rental"
Vinyl Records,"Shopping.Books, Mags, Music & Video.Vinyl Records"
Bridal,Shopping.Bridal
Computers,Shopping.Computers
Cosmetics & Beauty Supply,Shopping.Cosmetics & Beauty Supply
Department Stores,Shopping.Department Stores
Discount Store,Shopping.Discount Store
Drugstores,Shopping.Drugstores
Electronics Repair,Shopping.Electronics Repair
Eyewear & Opticians,Shopping.Eyewear & Opticians
Fashion,Shopping.Fashion
Accessories,Shopping.Fashion.Accessories
Children's Clothing,Shopping.Fashion.Children's Clothing
Department Stores,Shopping.Fashion.Department Stores
Formal Wear,Shopping.Fashion.Formal Wear
Hats,Shopping.Fashion.Hats
Leather Goods,Shopping.Fashion.Leather Goods
Lingerie,Shopping.Fashion.Lingerie
Maternity Wear,Shopping.Fashion.Maternity Wear
Men's Clothing,Shopping.Fashion.Men's Clothing
Plus Size Fashion,Shopping.Fashion.Plus Size Fashion
Shoe Stores,Shopping.Fashion.Shoe Stores
Sports Wear,Shopping.Fashion.Sports Wear
Surf Shop,Shopping.Fashion.Surf Shop
Swimwear,Shopping.Fashion.Swimwear
"Used, Vintage & Consignment","Shopping.Fashion.Used, Vintage & Consignment"
Women's Clothing,Shopping.Fashion.Women's Clothing
Fireworks,Shopping.Fireworks
Flea Markets,Shopping.Flea Markets
Flowers & Gifts,Shopping.Flowers & Gifts
Cards & Stationery,Shopping.Flowers & Gifts.Cards & Stationery
Florists,Shopping.Flowers & Gifts.Florists
Gift Shops,Shopping.Flowers & Gifts.Gift Shops
Golf Equipment Shops,Shopping.Golf Equipment Shops
Guns & Ammo,Shopping.Guns & Ammo
Hobby Shops,Shopping.Hobby Shops
Home & Garden,Shopping.Home & Garden
Appliances,Shopping.Home & Garden.Appliances
Furniture Stores,Shopping.Home & Garden.Furniture Stores
Hardware Stores,Shopping.Home & Garden.Hardware Stores
Home D?cor,Shopping.Home & Garden.Home D?cor
Hot Tub & Pool,Shopping.Home & Garden.Hot Tub & Pool
Kitchen & Bath,Shopping.Home & Garden.Kitchen & Bath
Mattresses,Shopping.Home & Garden.Mattresses
Nurseries & Gardening,Shopping.Home & Garden.Nurseries & Gardening
Jewelry,Shopping.Jewelry
Knitting Supplies,Shopping.Knitting Supplies
Luggage,Shopping.Luggage
Medical Supplies,Shopping.Medical Supplies
Mobile Phones,Shopping.Mobile Phones
Motorcycle Gear,Shopping.Motorcycle Gear
Musical Instruments & Teachers,Shopping.Musical Instruments & Teachers
Office Equipment,Shopping.Office Equipment
Outlet Stores,Shopping.Outlet Stores
Pawn Shops,Shopping.Pawn Shops
Personal Shopping,Shopping.Personal Shopping
Photography Stores & Services,Shopping.Photography Stores & Services
Pool & Billiards,Shopping.Pool & Billiards
Pop-up Shops,Shopping.Pop-up Shops
Shopping Centers,Shopping.Shopping Centers
Sporting Goods,Shopping.Sporting Goods
Bikes,Shopping.Sporting Goods.Bikes
Golf Equipment,Shopping.Sporting Goods.Golf Equipment
Outdoor Gear,Shopping.Sporting Goods.Outdoor Gear
Sports Wear,Shopping.Sporting Goods.Sports Wear
Thrift Stores,Shopping.Thrift Stores
Tobacco Shops,Shopping.Tobacco Shops
Toy Stores,Shopping.Toy Stores
Trophy Shops,Shopping.Trophy Shops
Uniforms,Shopping.Uniforms
Watches,Shopping.Watches
Wholesale Stores,Shopping.Wholesale Stores
Wigs,Shopping.Wigs
